{"cameraMode":{"drawMode":0,"name":"Shaded","section":"Shading Mode"},"sceneLighting":true,"audioPlay":false,"sceneViewState":{"showFog":true,"showMaterialUpdate":false,"showSkybox":true,"showFlares":true,"showImageEffects":true,"showParticleSystems":true},"in2DMode":false,"pivot":{"x":23.99898910522461,"y":5.069705963134766,"z":1.8106489181518555},"rotation":{"x":-0.6001632809638977,"y":0.17847517132759095,"z":-0.1396341621875763,"w":-0.767108678817749},"size":65.69990539550781,"orthographic":false}