{"cameraMode":{"drawMode":0,"name":"Shaded","section":"Shading Mode"},"sceneLighting":true,"audioPlay":false,"sceneViewState":{"showFog":true,"showMaterialUpdate":false,"showSkybox":true,"showFlares":true,"showImageEffects":true,"showParticleSystems":true},"in2DMode":false,"pivot":{"x":5.373851776123047,"y":8.05525016784668,"z":4.074541091918945},"rotation":{"x":-0.0006021730368956924,"y":0.7456427216529846,"z":-0.6663468480110169,"w":-0.0006736894138157368},"size":43.03843307495117,"orthographic":false}