{"cameraMode":{"drawMode":0,"name":"Shaded","section":"Shading Mode"},"sceneLighting":true,"audioPlay":false,"sceneViewState":{"showFog":true,"showMaterialUpdate":false,"showSkybox":true,"showFlares":true,"showImageEffects":true,"showParticleSystems":true},"in2DMode":false,"pivot":{"x":-77.0394287109375,"y":24.797948837280275,"z":0.8119944334030151},"rotation":{"x":0.05953226983547211,"y":-0.689102828502655,"z":0.05698051303625107,"w":0.7199640870094299},"size":108.3321533203125,"orthographic":false}