{"cameraMode":{"drawMode":0,"name":"Shaded","section":"Shading Mode"},"sceneLighting":true,"audioPlay":false,"sceneViewState":{"showFog":true,"showMaterialUpdate":false,"showSkybox":true,"showFlares":true,"showImageEffects":true,"showParticleSystems":true},"in2DMode":false,"pivot":{"x":-0.6801910400390625,"y":2.185678005218506,"z":-8.02255916595459},"rotation":{"x":0.005220883991569281,"y":0.867680013179779,"z":-0.009108765050768853,"w":0.49704375863075259},"size":-20.95220375061035,"orthographic":false}