{"cameraMode":{"drawMode":0,"name":"Shaded","section":"Shading Mode"},"sceneLighting":true,"audioPlay":false,"sceneViewState":{"showFog":true,"showMaterialUpdate":false,"showSkybox":true,"showFlares":true,"showImageEffects":true,"showParticleSystems":true},"in2DMode":false,"pivot":{"x":-7.741865158081055,"y":2.15438175201416,"z":53.04225158691406},"rotation":{"x":-0.1743004471063614,"y":0.24384115636348725,"z":-0.04459819197654724,"w":-0.9529845118522644},"size":140.84336853027345,"orthographic":false}